{
"robot_type":"DQ_SerialManipulatorDH",
"angle_mode":"degree",
"theta":[0, 0, 0, 0, 0, 0],
"d":[0, 0, 0, 0.13105, 0.08535, 0.0921],
"a":[0, 0.24355, 0.2132, 0, 0, 0],
"alpha":[0, 0, 0, 0, 0, 0],
"types":[0, 0, 0, 0, 0, 0],
"lower_q_limit":[-149,-49,19,-169,-94,-169],
"upper_q_limit":[149,99,139,169,134,169],
"lower_q_dot_limit":[-5, -5, -5, -5, -5, -5],
"upper_q_dot_limit":[5, 5, 5, 5, 5, 5],
"effector":[1,
0,
0,
0,
0,
0,
0,
0
],
"reference_frame":[1,
0,
0,
0,
0,
0,
0,
0
]
}

   
